Base Folder,Mesh Folder,Chamfer Distance,Hausdorff Distance
000,./000/02691156_222c0d99446148babe4274edc10c1c8e.obj,inf,inf
000,./000/copper_Robot_with_glowing_eyes,0.3660035402581668,0.5830104292151749
000,./000/.DS_Store,inf,inf
000,./000/A_snowy_owl_with_silver_feathers_singing,0.2861698878283146,0.4850222441977133
000,./000/Silver_Rocket,0.346934353611903,0.6233514217264623
000,./000/a_red_mushroom,0.4418266304746009,0.7356431233027978
000,./000/jewellery_with_gold_and_silver,0.2866150985837184,0.5232262843671146
000,./000/A_talking_cactus_with_a_sombrero,0.3400552185818818,0.6561496174283729
000,./000/Dragon,0.3668662984337798,0.5724296969837488
000,./000/Spaceship,0.315138483282758,0.5650009063405184
001,./001/copper_Robot_with_glowing_eyes,0.3297161356324918,0.5953571859710133
001,./001/.DS_Store,inf,inf
001,./001/A_snowy_owl_with_silver_feathers_singing,0.2904420632974482,0.6077780988812165
001,./001/Silver_Rocket,0.1912724466123118,0.6070457334563301
001,./001/02747177_64976ee2a69d3202956c23e7ddc28c00.obj,inf,inf
001,./001/a_red_mushroom,0.2222086599163199,0.6092192949394702
001,./001/jewellery_with_gold_and_silver,0.3108624837263322,0.4065847086089908
001,./001/A_talking_cactus_with_a_sombrero,0.2076238700757444,0.6098045970810015
001,./001/Dragon,0.1501029873353917,0.6104585869512027
001,./001/Spaceship,0.2243977210637174,0.6097581929294827
002,./002/02808440_d5d3d361bdf7245e75519658e0efffee.obj,inf,inf
002,./002/copper_Robot_with_glowing_eyes,0.3674105086694919,0.4776898117300139
002,./002/.DS_Store,inf,inf
002,./002/A_snowy_owl_with_silver_feathers_singing,0.2985767705668001,0.4277906618322032
002,./002/Silver_Rocket,0.4598868381542046,0.6141613256800339
002,./002/a_red_mushroom,0.3948086606924306,0.4089437454082473
002,./002/jewellery_with_gold_and_silver,0.420247770716788,0.561651766184452
002,./002/A_talking_cactus_with_a_sombrero,0.3791898546557971,0.4619401899141614
002,./002/Dragon,0.3717650182720464,0.5530174384201045
002,./002/Spaceship,0.3204529026906352,0.4143802809484184
003,./003/copper_Robot_with_glowing_eyes,0.4773815560376132,0.6564217215748289
003,./003/.DS_Store,inf,inf
003,./003/A_snowy_owl_with_silver_feathers_singing,0.1599771552886922,0.3344575556639426
003,./003/Silver_Rocket,0.182081387865517,0.2688466863042407
003,./003/a_red_mushroom,0.2154041601200592,0.2980062103890026
003,./003/jewellery_with_gold_and_silver,0.2163631626481303,0.3338903586391153
003,./003/A_talking_cactus_with_a_sombrero,0.1572783941801902,0.2726436277556177
003,./003/Dragon,0.1323612193603113,0.2244228456658041
003,./003/Spaceship,0.1699318334548846,0.2641071119292897
003,./003/02828884_d3b2e0d1482ead96f4fb4dee5181bee.obj,inf,inf
004,./004/copper_Robot_with_glowing_eyes,0.7658148102419475,0.8327706995049953
004,./004/.DS_Store,inf,inf
004,./004/A_snowy_owl_with_silver_feathers_singing,0.3831527055735973,0.4836217123932373
004,./004/Silver_Rocket,0.4484827124840937,0.5402422002528954
004,./004/a_red_mushroom,0.7619200055118411,0.8422207828101037
004,./004/jewellery_with_gold_and_silver,0.7095721379643143,0.7849493379107255
004,./004/02843684_b6348429292d990be67195cc1ecf4787.obj,inf,inf
004,./004/A_talking_cactus_with_a_sombrero,0.6257830058882944,0.7756409315719607
004,./004/Dragon,0.6366705708054485,0.7628852093546824
004,./004/Spaceship,0.431051333638384,0.5768685563317824
005,./005/02871439_be99f079debaeed9a0fa21f3ff15b515.obj,inf,inf
005,./005/copper_Robot_with_glowing_eyes,0.336258371221503,0.4776183501982568
005,./005/.DS_Store,inf,inf
005,./005/A_snowy_owl_with_silver_feathers_singing,0.2175330655140161,0.3580501682936681
005,./005/Silver_Rocket,0.2245413722099062,0.3827239493268786
005,./005/a_red_mushroom,0.2333676916093426,0.3727385475692124
005,./005/jewellery_with_gold_and_silver,0.2359086548917149,0.4342662294970207
005,./005/A_talking_cactus_with_a_sombrero,0.1994884656839673,0.3054156516583265
005,./005/Dragon,0.2466230986287313,0.3501586118426881
005,./005/Spaceship,0.2674402432936755,0.3618082982760613
006,./006/copper_Robot_with_glowing_eyes,0.3161591614908665,0.4791334842461041
006,./006/.DS_Store,inf,inf
006,./006/A_snowy_owl_with_silver_feathers_singing,0.3674121252403471,0.6555811993897889
006,./006/Silver_Rocket,0.2891070608526596,0.4900097015029115
006,./006/02871439_e7e3aacb7ef4ef00f11caac3db6956bf.obj,inf,inf
006,./006/a_red_mushroom,0.2991857147453979,0.5114561909764028
006,./006/jewellery_with_gold_and_silver,0.2747741363419068,0.4786785989849922
006,./006/A_talking_cactus_with_a_sombrero,0.302906845624369,0.5027737212927952
006,./006/Dragon,0.2561121137930897,0.3702568288794908
006,./006/Spaceship,0.3274634363131094,0.4840700521385424
007,./007/copper_Robot_with_glowing_eyes,0.6610740680285818,0.8462198280940537
007,./007/A_snowy_owl_with_silver_feathers_singing,0.551664985065923,0.7783215654042629
007,./007/Silver_Rocket,0.685735634637262,0.7937206949375452
007,./007/a_red_mushroom,0.6514030562126587,0.7776769724395016
007,./007/jewellery_with_gold_and_silver,0.7201953366081519,0.8336206758320243
007,./007/A_talking_cactus_with_a_sombrero,0.6109151223128675,0.7008784365140073
007,./007/Dragon,0.6359755257145997,0.8098625891756527
007,./007/Spaceship,0.7106624411605904,0.8546438712801586
008,./008/copper_Robot_with_glowing_eyes,0.4125101683720038,0.5756376814298264
008,./008/A_snowy_owl_with_silver_feathers_singing,0.6409710519926832,0.8793662187846332
008,./008/Silver_Rocket,0.7271497118535648,0.7992397285792868
008,./008/a_red_mushroom,0.632083490089912,0.7981171651900448
008,./008/jewellery_with_gold_and_silver,0.5000586560767177,0.6544905464169684
008,./008/A_talking_cactus_with_a_sombrero,0.7676047536228621,0.8819011346986703
008,./008/Dragon,0.7251832011087164,0.916505989084558
008,./008/Spaceship,0.7311188288816253,0.8156027894757536
009,./009/copper_Robot_with_glowing_eyes,0.2135997154005526,0.6109107091249795
009,./009/A_snowy_owl_with_silver_feathers_singing,0.7442438529030992,0.7233548643498185
009,./009/Silver_Rocket,0.2463829855160466,0.6072431922330818
009,./009/a_red_mushroom,0.2065450851714032,0.620061650360927
009,./009/jewellery_with_gold_and_silver,0.2240724150452636,0.6141185410864367
009,./009/A_talking_cactus_with_a_sombrero,0.268462964540348,0.6170477450972213
009,./009/Dragon,0.2533572828686011,0.6778559332469442
009,./009/Spaceship,0.2046704852263623,0.6273266753886863
010,./010/copper_Robot_with_glowing_eyes,0.1607167520238271,0.244130545255803
010,./010/A_snowy_owl_with_silver_feathers_singing,0.2200026204008452,0.3424392067318846
010,./010/Silver_Rocket,0.1538516727534138,0.2715023769443417
010,./010/a_red_mushroom,0.2423306841889488,0.2950971724605803
010,./010/jewellery_with_gold_and_silver,0.1851225702833594,0.2001295374061237
010,./010/A_talking_cactus_with_a_sombrero,0.2226178002384721,0.353583529670062
010,./010/Dragon,0.2435734422724374,0.4045003546478363
010,./010/Spaceship,0.2464960538145341,0.3076914867486716
011,./011/copper_Robot_with_glowing_eyes,0.1605010473873573,0.1641160623993726
011,./011/A_snowy_owl_with_silver_feathers_singing,0.199020409941397,0.2780587839364143
011,./011/Silver_Rocket,0.1911833091078441,0.1998679234359932
011,./011/a_red_mushroom,0.1675313901051111,0.1802791464013847
011,./011/jewellery_with_gold_and_silver,0.1673969206886439,0.1841764533461287
011,./011/A_talking_cactus_with_a_sombrero,0.1791906693441441,0.1901931284524922
011,./011/Dragon,0.2497006017676707,0.5320380696693492
011,./011/Spaceship,0.1837406658659865,0.1798763961424926
012,./012/copper_Robot_with_glowing_eyes,0.3486804826087821,0.4980252296638152
012,./012/A_snowy_owl_with_silver_feathers_singing,0.3042607172732596,0.5250135875939231
012,./012/Silver_Rocket,0.4378293998904264,0.6607679057304999
012,./012/a_red_mushroom,0.3182164997700561,0.5678588375272178
012,./012/jewellery_with_gold_and_silver,0.3909924046729506,0.7186254477235132
012,./012/A_talking_cactus_with_a_sombrero,0.3172970660521596,0.5945541323729215
012,./012/Dragon,0.3213089892455884,0.5820577688437836
012,./012/Spaceship,0.3959208215789673,0.5777587055731869
013,./013/copper_Robot_with_glowing_eyes,0.4543060930328632,0.7309553070910174
013,./013/A_snowy_owl_with_silver_feathers_singing,0.538042064763018,0.6432610119744046
013,./013/Silver_Rocket,0.2541455928618834,0.5727841279115143
013,./013/a_red_mushroom,0.4703853381151349,0.6426731882678146
013,./013/jewellery_with_gold_and_silver,0.5063154569674465,0.6412933957982999
013,./013/A_talking_cactus_with_a_sombrero,0.5522118181494491,0.7990356126712163
013,./013/Dragon,0.3390293932074817,0.4970404974115735
013,./013/Spaceship,0.4442148023499593,0.6448566212642884
014,./014/copper_Robot_with_glowing_eyes,0.4369608637329786,0.5404094231788514
014,./014/A_snowy_owl_with_silver_feathers_singing,0.373320884783202,0.4552760220009181
014,./014/Silver_Rocket,0.4315223753187169,0.4731474047138538
014,./014/a_red_mushroom,0.3997636606997397,0.4765124941418437
014,./014/jewellery_with_gold_and_silver,0.3825836116738818,0.5208377411635492
014,./014/A_talking_cactus_with_a_sombrero,1.720061335995315,1.2544451910298915
014,./014/Dragon,0.4319405876351256,0.5011629495653739
014,./014/Spaceship,0.4277900018092703,0.5084845722301725
015,./015/copper_Robot_with_glowing_eyes,0.7668252780764657,0.7421542862291431
015,./015/A_snowy_owl_with_silver_feathers_singing,0.5066457897256359,0.4776216554547591
015,./015/Silver_Rocket,0.1687850041157028,0.4090492920203851
015,./015/a_red_mushroom,0.3704047897035668,0.5254156138917271
015,./015/jewellery_with_gold_and_silver,0.4065759777805447,0.4439561076927575
015,./015/A_talking_cactus_with_a_sombrero,0.1199702634470941,0.1865942848496434
015,./015/Dragon,0.1325472054307626,0.1793623442884016
015,./015/Spaceship,0.0953049096109672,0.1558067298783695
016,./016/copper_Robot_with_glowing_eyes,0.2584045061690097,0.3018839359127758
016,./016/A_snowy_owl_with_silver_feathers_singing,0.2015568570427528,0.315728989418456
016,./016/Silver_Rocket,0.287056558581758,0.367626275881546
016,./016/a_red_mushroom,0.3695516865770599,0.4532818826860771
016,./016/jewellery_with_gold_and_silver,0.1603158700015559,0.2426699199700155
016,./016/A_talking_cactus_with_a_sombrero,0.273872082525172,0.4390473778954989
016,./016/Dragon,0.1974773169286335,0.261827859907322
016,./016/Spaceship,0.242479448243648,0.2787107680123206
017,./017/copper_Robot_with_glowing_eyes,0.5517372970225158,0.7369101613541479
017,./017/A_snowy_owl_with_silver_feathers_singing,0.312305038683428,0.5802820742542605
017,./017/Silver_Rocket,0.4414900003994659,0.4677427573673516
017,./017/a_red_mushroom,0.352447962086737,0.505010758916891
017,./017/jewellery_with_gold_and_silver,0.4009301176179595,0.72908905738678
017,./017/A_talking_cactus_with_a_sombrero,0.2563004384911484,0.31236616059662
017,./017/Dragon,0.3782329418892135,0.6317879237068533
017,./017/Spaceship,0.3661468755020612,0.5537035895695389
018,./018/copper_Robot_with_glowing_eyes,0.2105161117792442,0.249091778227586
018,./018/A_snowy_owl_with_silver_feathers_singing,0.2686193774878397,0.3163895357917538
018,./018/Silver_Rocket,0.1898331354930212,0.1946843758112635
018,./018/a_red_mushroom,0.2614981503348383,0.404833072405978
018,./018/jewellery_with_gold_and_silver,0.1325508298973702,0.1557626577125204
018,./018/A_talking_cactus_with_a_sombrero,0.153228981444993,0.1599227335810675
018,./018/Dragon,0.1494357672231468,0.163829488956315
018,./018/Spaceship,0.1853493957213792,0.2268585317374734
019,./019/copper_Robot_with_glowing_eyes,0.3097989632733295,0.4329171935266301
019,./019/A_snowy_owl_with_silver_feathers_singing,0.2722214570669476,0.4359672798162493
019,./019/Silver_Rocket,0.2283093543780773,0.4278083770227145
019,./019/a_red_mushroom,0.2761629677856789,0.3883313309492502
019,./019/jewellery_with_gold_and_silver,0.279774789613279,0.4617800638624708
019,./019/A_talking_cactus_with_a_sombrero,0.2584546260102804,0.3921970311036451
019,./019/Dragon,0.2643614430461676,0.3651816050268599
019,./019/Spaceship,0.2386422977257156,0.3740423268612506
020,./020/copper_Robot_with_glowing_eyes,0.4424066668206126,0.5041673731424091
020,./020/A_snowy_owl_with_silver_feathers_singing,0.4182437909066911,0.6162595274639302
020,./020/Silver_Rocket,0.4303310920106757,0.5125868163409701
020,./020/a_red_mushroom,0.4364612159916152,0.5704816773137734
020,./020/jewellery_with_gold_and_silver,0.2251393846685445,0.3113231436648514
020,./020/A_talking_cactus_with_a_sombrero,0.3084462216782985,0.4310796538379707
020,./020/Dragon,0.3061701713071934,0.4212851786331348
020,./020/Spaceship,0.4335880478630682,0.5427180254234051
021,./021/copper_Robot_with_glowing_eyes,0.1745761542140981,0.231509124747177
021,./021/A_snowy_owl_with_silver_feathers_singing,0.2481211687015292,0.3935046867241176
021,./021/Silver_Rocket,0.1538685246067703,0.1950579155643636
021,./021/a_red_mushroom,0.3671537593864218,0.368050732754024
021,./021/jewellery_with_gold_and_silver,0.1054853200502788,0.1516980783671768
021,./021/A_talking_cactus_with_a_sombrero,0.2625673926065785,0.2902087318249291
021,./021/Dragon,0.1690006071256389,0.216457657269663
021,./021/Spaceship,0.313362518885846,0.6213769742642524
022,./022/copper_Robot_with_glowing_eyes,0.1594348355006095,0.1412401192619971
022,./022/A_snowy_owl_with_silver_feathers_singing,0.1926349967359258,0.1785066619476434
022,./022/Silver_Rocket,0.2304235282949798,0.2503709312425969
022,./022/a_red_mushroom,0.143065145770307,0.1283037631760196
022,./022/jewellery_with_gold_and_silver,0.193383608153938,0.1667676296953947
022,./022/A_talking_cactus_with_a_sombrero,0.1710031322215594,0.1781625004761909
022,./022/Dragon,0.1648252661486409,0.1475627619208552
022,./022/Spaceship,0.183028235543601,0.1897014511678408
023,./023/copper_Robot_with_glowing_eyes,0.4389027615286076,0.6668142522479794
023,./023/A_snowy_owl_with_silver_feathers_singing,0.2485836555019524,0.3817935859600716
023,./023/Silver_Rocket,0.1879714942145293,0.3694881369213202
023,./023/a_red_mushroom,0.2749012170048498,0.4035312287787847
023,./023/jewellery_with_gold_and_silver,0.2249845486366811,0.3815395798703866
023,./023/A_talking_cactus_with_a_sombrero,0.2048229378998605,0.3962399193299112
023,./023/Dragon,0.2325418713457606,0.3475904351219267
023,./023/Spaceship,0.2021053467451504,0.348140466566998
024,./024/copper_Robot_with_glowing_eyes,0.6931835671871733,0.7512724914545241
024,./024/A_snowy_owl_with_silver_feathers_singing,0.3772284650755674,0.579768394439394
024,./024/Silver_Rocket,0.2689339138648981,0.3633216944890454
024,./024/a_red_mushroom,0.1874609371055564,0.3157368950136531
024,./024/jewellery_with_gold_and_silver,0.2065951696926777,0.3385567698347969
024,./024/A_talking_cactus_with_a_sombrero,0.2280906407326366,0.3863642511865366
024,./024/Dragon,0.2369508657992837,0.3062569189777901
024,./024/Spaceship,0.9271788522951532,0.771846209835249
025,./025/copper_Robot_with_glowing_eyes,0.2638940523351918,0.5121510393675419
025,./025/A_snowy_owl_with_silver_feathers_singing,0.3633241846123493,0.5248857095706614
025,./025/Silver_Rocket,0.3972834238169201,0.5557555029496011
025,./025/a_red_mushroom,0.3530717843103933,0.5141156578444583
025,./025/jewellery_with_gold_and_silver,0.1374388703513861,0.3007361270187245
025,./025/A_talking_cactus_with_a_sombrero,0.3528447229626629,0.5109178186280592
025,./025/Dragon,0.3450457417856278,0.427929279968113
025,./025/Spaceship,0.3484723179131888,0.5316688198702639
026,./026/copper_Robot_with_glowing_eyes,0.1977313939837581,0.3594823164688691
026,./026/A_snowy_owl_with_silver_feathers_singing,0.2753694153615901,0.3794653453000965
026,./026/Silver_Rocket,0.2056474099730743,0.3651562767030749
026,./026/a_red_mushroom,0.2461174930794974,0.3727102816874785
026,./026/jewellery_with_gold_and_silver,0.1645046454133133,0.3376650051275137
026,./026/A_talking_cactus_with_a_sombrero,0.2165547203745942,0.3437985853951758
026,./026/Dragon,0.2929277428155596,0.5157160726512439
026,./026/Spaceship,0.2507375271383646,0.4095836159452566
027,./027/copper_Robot_with_glowing_eyes,0.2539995247692663,0.3155186098073999
027,./027/A_snowy_owl_with_silver_feathers_singing,0.4279770805871515,0.4796691465428273
027,./027/Silver_Rocket,0.3028432290787665,0.4498153630264062
027,./027/a_red_mushroom,0.2916113749111751,0.4238795776317218
027,./027/jewellery_with_gold_and_silver,0.3489560373858885,0.4193998902825012
027,./027/A_talking_cactus_with_a_sombrero,0.3384680276232261,0.4093565375196067
027,./027/Dragon,0.3764872580756928,0.4032203674814002
027,./027/Spaceship,0.3420403218191099,0.4252588792880552
028,./028/copper_Robot_with_glowing_eyes,0.3241066578977079,0.4204366465552423
028,./028/A_snowy_owl_with_silver_feathers_singing,0.1797020769096051,0.3456650511111789
028,./028/Silver_Rocket,0.2066363109438875,0.318098088472836
028,./028/a_red_mushroom,0.2131996631704926,0.360425788092252
028,./028/jewellery_with_gold_and_silver,0.1684692954884484,0.2472187104142634
028,./028/A_talking_cactus_with_a_sombrero,0.1642277858759792,0.2184105439955268
028,./028/Dragon,0.1642924168424284,0.2425262967434413
028,./028/Spaceship,0.2690428583841499,0.3291492188620798
029,./029/copper_Robot_with_glowing_eyes,0.2259976377729643,0.2833183798936364
029,./029/A_snowy_owl_with_silver_feathers_singing,0.1722927840811585,0.3438981322475843
029,./029/Silver_Rocket,0.1687694206668853,0.2859270206805872
029,./029/a_red_mushroom,0.1704951443354221,0.2870708851501812
029,./029/jewellery_with_gold_and_silver,0.1560234460534042,0.2589570924652611
029,./029/A_talking_cactus_with_a_sombrero,0.1628835408677089,0.2735086365011253
029,./029/Dragon,0.1641071160277137,0.2673381026663788
029,./029/Spaceship,0.181976941250019,0.281496422148591
030,./030/copper_Robot_with_glowing_eyes,0.2176891758396966,0.3161821284806265
030,./030/A_snowy_owl_with_silver_feathers_singing,0.3304946419603064,0.4211609112294972
030,./030/Silver_Rocket,0.2672840135766559,0.3531317615128119
030,./030/a_red_mushroom,0.2260564644095369,0.308134636714781
030,./030/jewellery_with_gold_and_silver,0.1411052671009384,0.2133353046789947
030,./030/A_talking_cactus_with_a_sombrero,0.1879434911246985,0.2664605520420298
030,./030/Dragon,0.3520793598914282,0.5736126001331967
030,./030/Spaceship,0.18879230435136,0.3123891881742424
031,./031/copper_Robot_with_glowing_eyes,0.3152204296969005,0.7055811501708507
031,./031/A_snowy_owl_with_silver_feathers_singing,0.2975271085082765,0.7042808765378155
031,./031/Silver_Rocket,0.3321126322369393,0.719704952754281
031,./031/a_red_mushroom,0.3329707456238874,0.665345838881546
031,./031/jewellery_with_gold_and_silver,0.306458331767182,0.7106523534864002
031,./031/A_talking_cactus_with_a_sombrero,0.2825815433534447,0.7052950141169492
031,./031/Dragon,0.349651562534866,0.7233088699448449
031,./031/Spaceship,0.3084554420237386,0.7262208407924214
032,./032/copper_Robot_with_glowing_eyes,0.4118842243296945,0.4720158734317996
032,./032/A_snowy_owl_with_silver_feathers_singing,0.5204738862840926,0.7271143005343782
032,./032/Silver_Rocket,0.2988362399090196,0.4338356852487582
032,./032/a_red_mushroom,0.3911390134550246,0.6311360883813965
032,./032/jewellery_with_gold_and_silver,0.3784161032571757,0.6276114366665263
032,./032/A_talking_cactus_with_a_sombrero,0.3696228639724688,0.5061607894300791
032,./032/Dragon,0.4823575615826984,0.670618223709532
032,./032/Spaceship,0.3274049118578319,0.456002548438027
033,./033/copper_Robot_with_glowing_eyes,0.3787110665085807,0.5520876624639534
033,./033/A_snowy_owl_with_silver_feathers_singing,0.3069458447893382,0.4747570627360835
033,./033/Silver_Rocket,0.2882532998907779,0.4391798241509476
033,./033/a_red_mushroom,0.4565006101301504,0.5645066181561876
033,./033/jewellery_with_gold_and_silver,0.2073582607499479,0.4691730254029879
033,./033/A_talking_cactus_with_a_sombrero,0.3010262036221314,0.3692975566735284
033,./033/Dragon,0.3461959641865934,0.445251294040137
033,./033/Spaceship,0.2728131349735723,0.4537262266406036
034,./034/copper_Robot_with_glowing_eyes,0.2577253814770501,0.4147623991250979
034,./034/A_snowy_owl_with_silver_feathers_singing,0.223613186483486,0.2841814608508571
034,./034/Silver_Rocket,0.3262504101172507,0.5950426695879024
034,./034/a_red_mushroom,0.2124728395507373,0.4568932947461321
034,./034/jewellery_with_gold_and_silver,0.2846982487083412,0.438497672260934
034,./034/A_talking_cactus_with_a_sombrero,0.2829281207073566,0.4811114067176741
034,./034/Dragon,0.1792397260972041,0.3511365461308574
034,./034/Spaceship,0.175024154527722,0.2474237831042628
035,./035/copper_Robot_with_glowing_eyes,0.371758360174698,0.5319686558488519
035,./035/A_snowy_owl_with_silver_feathers_singing,0.2823667084186819,0.4361227353720509
035,./035/Silver_Rocket,0.2500817623114439,0.4153803751432112
035,./035/a_red_mushroom,0.2624963254542936,0.4996815554036212
035,./035/jewellery_with_gold_and_silver,0.2470284291189782,0.4646181477847295
035,./035/A_talking_cactus_with_a_sombrero,0.2891423986614503,0.3836731467718736
035,./035/Dragon,0.3263747614903249,0.3835778669878595
035,./035/Spaceship,0.2493838087797067,0.3711554911596695
036,./036/copper_Robot_with_glowing_eyes,0.3881125539089837,0.6099285461505315
036,./036/A_snowy_owl_with_silver_feathers_singing,0.3332622937678643,0.6123739144947269
036,./036/Silver_Rocket,0.4193344957552519,0.7737792401053069
036,./036/a_red_mushroom,0.5871709106001423,0.7565247533069236
036,./036/jewellery_with_gold_and_silver,0.2675088422025101,0.5774692692580802
036,./036/A_talking_cactus_with_a_sombrero,0.3738795882662503,0.6241222548950903
036,./036/Dragon,0.4483263452272996,0.7021175122222422
036,./036/Spaceship,0.3771883783958196,0.6762340756984576
037,./037/copper_Robot_with_glowing_eyes,0.2866133504495327,0.4971185113466874
037,./037/A_snowy_owl_with_silver_feathers_singing,0.4771167271603943,0.5256190269770349
037,./037/Silver_Rocket,0.3394215224091997,0.4888399766371717
037,./037/a_red_mushroom,0.3997419694516397,0.4935049505202088
037,./037/jewellery_with_gold_and_silver,0.2336873202487864,0.292708857304523
037,./037/A_talking_cactus_with_a_sombrero,0.2446972711182705,0.3100706079618182
037,./037/Dragon,0.2471037048649072,0.301114266394753
037,./037/Spaceship,0.3273400559504533,0.431555332173944
038,./038/copper_Robot_with_glowing_eyes,0.6422341712566404,0.7617968165075089
038,./038/A_snowy_owl_with_silver_feathers_singing,0.3979609344603856,0.5855449014495605
038,./038/Silver_Rocket,0.6471005990851577,0.6390915477909288
038,./038/a_red_mushroom,0.4038354098386683,0.603078586741224
038,./038/jewellery_with_gold_and_silver,0.663395511257081,0.7237835875023436
038,./038/A_talking_cactus_with_a_sombrero,0.4983075035720968,0.5678715831248761
038,./038/Dragon,0.6593152466351517,0.6840748215541765
038,./038/Spaceship,0.674293911401376,0.6893198969872257
039,./039/copper_Robot_with_glowing_eyes,0.2346227470233772,0.2802981566783015
039,./039/A_snowy_owl_with_silver_feathers_singing,0.2349515041508964,0.2908285267929089
039,./039/Silver_Rocket,0.3067722097040157,0.4596998638312227
039,./039/a_red_mushroom,0.2535393200198085,0.4644412034231565
039,./039/jewellery_with_gold_and_silver,0.2813206262529661,0.435955667835015
039,./039/A_talking_cactus_with_a_sombrero,0.3194549417993848,0.4403372241588122
039,./039/Dragon,0.2716103993090061,0.4201056032426153
039,./039/Spaceship,0.2390665617989842,0.3356463611650558
040,./040/copper_Robot_with_glowing_eyes,0.3676857638579761,0.5043565953227405
040,./040/A_snowy_owl_with_silver_feathers_singing,0.2905751944187845,0.4752025363966951
040,./040/Silver_Rocket,0.3812872608199206,0.4247614739485543
040,./040/a_red_mushroom,0.3419139016387854,0.4621399922581704
040,./040/jewellery_with_gold_and_silver,0.4109259320335844,0.6942477341729794
040,./040/A_talking_cactus_with_a_sombrero,0.3757007823565607,0.5118249837979207
040,./040/Dragon,0.3814526451257883,0.4836999644930723
040,./040/Spaceship,0.3270374991200663,0.4973509611186982
041,./041/copper_Robot_with_glowing_eyes,0.4348629835052048,0.762500463581093
041,./041/A_snowy_owl_with_silver_feathers_singing,0.3814771375277735,0.6284609691974238
041,./041/Silver_Rocket,0.6915522883224994,0.8291821173671544
041,./041/a_red_mushroom,0.5047347349693962,0.6761673629998837
041,./041/jewellery_with_gold_and_silver,0.5224168996809875,0.7645991301862074
041,./041/A_talking_cactus_with_a_sombrero,0.6133219081861084,0.7971812437656443
041,./041/Dragon,0.7499607489699939,0.8262512025219777
041,./041/Spaceship,0.6297637146496727,0.8169690947359028
042,./042/copper_Robot_with_glowing_eyes,0.1860425695861019,0.3970033989404672
042,./042/A_snowy_owl_with_silver_feathers_singing,0.3805977004976701,0.4063923399946593
042,./042/Silver_Rocket,0.3019338291583487,0.5471291115904519
042,./042/a_red_mushroom,0.1847948118677738,0.3141852131825199
042,./042/jewellery_with_gold_and_silver,0.1873976853954939,0.2779727001912819
042,./042/A_talking_cactus_with_a_sombrero,0.1581286829253016,0.258905228218117
042,./042/Dragon,0.2786190873511495,0.4233912675004927
042,./042/Spaceship,0.1936503885458615,0.3063521863324969
043,./043/copper_Robot_with_glowing_eyes,0.200184851764981,0.4102183119256918
043,./043/A_snowy_owl_with_silver_feathers_singing,0.3357263919162411,0.4452787662525012
043,./043/Silver_Rocket,0.2594354482488987,0.4136076777624519
043,./043/a_red_mushroom,0.3387955638904253,0.4117250623383927
043,./043/jewellery_with_gold_and_silver,0.3520741465110202,0.4479024209961659
043,./043/A_talking_cactus_with_a_sombrero,0.1791267788788672,0.4093345272337936
043,./043/Dragon,0.2947065090855024,0.4125639182885052
043,./043/Spaceship,0.225740436659778,0.4130996360894243
044,./044/copper_Robot_with_glowing_eyes,0.090630823841708,0.1523968985698914
044,./044/A_snowy_owl_with_silver_feathers_singing,0.1625171993638911,0.3358660207960103
044,./044/Silver_Rocket,0.1072368340067837,0.1609770087262355
044,./044/a_red_mushroom,0.1799720798799161,0.3472796836785097
044,./044/jewellery_with_gold_and_silver,0.1278536026606914,0.156102378951105
044,./044/A_talking_cactus_with_a_sombrero,0.2649535633527559,0.3328509938784808
044,./044/Dragon,0.2406293040909425,0.275578256636309
044,./044/Spaceship,0.1609374852230138,0.1777376773315866
045,./045/copper_Robot_with_glowing_eyes,0.190926334295041,0.29791643318287
045,./045/A_snowy_owl_with_silver_feathers_singing,0.2510385021382314,0.3178130640874801
045,./045/Silver_Rocket,0.3989670865553121,0.4470128675903774
045,./045/a_red_mushroom,0.219120583079974,0.2881435096022753
045,./045/jewellery_with_gold_and_silver,0.4032673437314216,0.4665366375020653
045,./045/A_talking_cactus_with_a_sombrero,0.2060738316548621,0.2288215119731938
045,./045/Dragon,0.2507961354454404,0.2727062299941311
045,./045/Spaceship,0.3473450438367782,0.3466382247260862
046,./046/copper_Robot_with_glowing_eyes,0.1536034057361063,0.1982041120424937
046,./046/A_snowy_owl_with_silver_feathers_singing,0.2072324413717,0.2657029547129089
046,./046/Silver_Rocket,0.2411646091652101,0.3093749888283611
046,./046/a_red_mushroom,0.1464387852490826,0.1952385382027713
046,./046/jewellery_with_gold_and_silver,0.1816787791110339,0.3008307029682623
046,./046/A_talking_cactus_with_a_sombrero,0.3023193798897716,0.45846375164922
046,./046/Dragon,0.1720760070455095,0.292744803934036
046,./046/Spaceship,0.2504519888755864,0.3719591576230628
047,./047/copper_Robot_with_glowing_eyes,0.2751709858420055,0.4633647392090917
047,./047/A_snowy_owl_with_silver_feathers_singing,0.3182345958771407,0.495330083002691
047,./047/Silver_Rocket,0.3112622778796018,0.5011226990888784
047,./047/a_red_mushroom,0.2855677056704531,0.43581468922836
047,./047/jewellery_with_gold_and_silver,0.2965873640436347,0.5163135755711341
047,./047/A_talking_cactus_with_a_sombrero,0.2787531530500005,0.4443835621927952
047,./047/Dragon,0.2685393829979514,0.5214157354126782
047,./047/Spaceship,0.3265680497553378,0.5901859525576574
048,./048/copper_Robot_with_glowing_eyes,0.3097284341796984,0.3720937550838272
048,./048/A_snowy_owl_with_silver_feathers_singing,0.275141745647008,0.3816761032150884
048,./048/Silver_Rocket,0.2643302013643975,0.3542142668308166
048,./048/a_red_mushroom,0.347750605700093,0.40867879705443
048,./048/jewellery_with_gold_and_silver,0.2246747158165755,0.3298171439501606
048,./048/A_talking_cactus_with_a_sombrero,0.2545838040529109,0.3143635853075908
048,./048/Dragon,0.2685461908924579,0.3523236657236561
048,./048/Spaceship,0.3084035096374657,0.3664302897616305
049,./049/copper_Robot_with_glowing_eyes,0.1843117496523517,0.2480675053721311
049,./049/A_snowy_owl_with_silver_feathers_singing,0.2313442318236839,0.2804924862563414
049,./049/Silver_Rocket,0.2467045136258262,0.4103988080323991
049,./049/a_red_mushroom,0.1642812602350568,0.2083612690648996
049,./049/jewellery_with_gold_and_silver,0.2915135232319074,0.3504161036884773
049,./049/A_talking_cactus_with_a_sombrero,0.1605575310488916,0.4223548956721241
049,./049/Dragon,0.1706487928162283,0.2329213204053985
049,./049/Spaceship,0.2250702651389729,0.3669962908788136
050,./050/02691156_222c0d99446148babe4274edc10c1c8e.obj,inf,inf
050,./050/.DS_Store,inf,inf
050,./050/Flying_owl,1.0605360400525554,0.9520087530520852
050,./050/Glider,0.3473597650116934,0.5692863678064338
050,./050/Fighter_jet_with_camouflage_paint,0.3145457640666794,0.5508870887070744
050,./050/Hang_glider_with_colorful_design,0.3143138324883803,0.4277346057472451
050,./050/Rocket_with_fiery_boosters,0.350989255350483,0.5710772853721584
050,./050/Blue_kite_with_long_wings,0.3054014966752124,0.5500504673094121
050,./050/Futuristic_Drone,0.323424560603249,0.5565747840900895
050,./050/Spacecraft,0.3862650293066879,0.5313140913577605
051,./051/Automated_Planting_Pot,0.3102364266740771,0.6081367942266439
051,./051/Battery_Storage,0.3070266079192798,0.538920600254907
051,./051/Wireless_Charging_Bin,0.2674376540260587,0.6074901118570858
051,./051/.DS_Store,inf,inf
051,./051/Aquaponics_Garden,0.2843125530705505,0.6092270391926955
051,./051/02747177_64976ee2a69d3202956c23e7ddc28c00.obj,inf,inf
051,./051/Portable_Sauna_Steamer,0.273440698051078,0.6091558827035746
051,./051/Dumpster,0.1960216805518946,0.6095410261109804
051,./051/orange_container,0.603012539915422,0.6625740570271803
051,./051/Composter,0.332079799057358,0.608619352240423
052,./052/02808440_d5d3d361bdf7245e75519658e0efffee.obj,inf,inf
052,./052/Jacuzzi_with_massaging_jets,0.351248196535655,0.4558461616132553
052,./052/.DS_Store,inf,inf
052,./052/Clawfoot_bathtub,0.3547515627961379,0.4847259684313508
052,./052/Luxurious_spa_with_bubbling_features,0.3798059673923195,0.4619409321481609
052,./052/Oval_tub,0.3556294455561105,0.4758046176658458
052,./052/A_box_of_sushi,0.3981649325732421,0.43134530108752
052,./052/Antique_tub_with_ornate_feet,0.3585084076456979,0.4945958848382297
052,./052/Pool_with_boiling_water,0.3794060099079699,0.5949783988157145
052,./052/Swimming_pool,0.4741908822640174,0.5959886072543539
053,./053/Autonomous_Rail_Vehicle,0.2272152602131835,0.2428845503919679
053,./053/Bed,0.0989956489164367,0.1561836125262538
053,./053/.DS_Store,inf,inf
053,./053/Urban_Farming_Module,0.1017659550188221,0.1662631960013706
053,./053/PCB,0.2559068537350734,0.2686883389359539
053,./053/Therapeutic_Bench,0.1806220071854478,0.2477824316642209
053,./053/Interactive_Light_Bench_,0.2161738683758435,0.277149194655615
053,./053/02828884_d3b2e0d1482ead96f4fb4dee5181bee.obj,inf,inf
053,./053/Gardener's_Bench,0.1309463930765074,0.215565616546253
053,./053/Marble_bench,0.1387575824441034,0.2875752672689619
054,./054/Decorative_shelter,0.8763266830021177,0.8021752439719082
054,./054/Artistic_nest_with_intricate_carvings,0.7269864128941208,0.746021431456857
054,./054/.DS_Store,inf,inf
054,./054/Wooden_birdhouse,0.734591971222353,0.7747398683715054
054,./054/02843684_b6348429292d990be67195cc1ecf4787.obj,inf,inf
054,./054/Cottage_with_a_tiny_door,0.7907009216198688,0.8771501595065359
054,./054/Portable_Disaster_Relief_Shelter,0.4532335026577234,0.6569298087821128
054,./054/Quaint_feeder_with_colorful_patterns,0.6174771958776609,0.7738087314637906
054,./054/House,0.5898151510719837,0.7293142822765986
054,./054/Nest,0.5917620435025941,0.7077810317130822
055,./055/Shop_shelf,0.2330195337686805,0.3616645532237809
055,./055/02871439_be99f079debaeed9a0fa21f3ff15b515.obj,inf,inf
055,./055/Magnetic_Levitation_Train,0.2059655932701397,0.3158239495501131
055,./055/.DS_Store,inf,inf
055,./055/Wooden_shelf,0.2289148104270768,0.3442953049159448
055,./055/Cabinet,0.212938089436127,0.3138506248017941
055,./055/Display_with_glass_panels,0.2295174486167938,0.347658154894051
055,./055/Minimalist_rack_with_sleek_lines,0.24102343990943,0.3310867928944252
055,./055/Stand_with_adjustable_shelves,0.2325884639718906,0.3167487145513643
055,./055/Vintage_cabinet,0.2236694781048673,0.3079145504393852
056,./056/Modular_Space_Habitat,0.3223167730039588,0.4730815828231816
056,./056/Clock_tower,0.291918881858792,0.5173479172206626
056,./056/.DS_Store,inf,inf
056,./056/Golden_lighter,0.2488505630368377,0.5431767919422262
056,./056/Interactive_Public_Bench,0.2982606541182861,0.4978703156603667
056,./056/Old_stone_tomb_with_spiderweb,0.3100078534373237,0.3973986963407659
056,./056/02871439_e7e3aacb7ef4ef00f11caac3db6956bf.obj,inf,inf
056,./056/Apartment_Building,0.3131700529745582,0.4930988711753984
056,./056/Rack,0.2575213489154543,0.3614691863789552
056,./056/Vintage_furniture,0.2841813223268877,0.4841794603061378
057,./057/.DS_Store,inf,inf
057,./057/Food_collector,0.6369420981546161,0.7204840380326009
057,./057/Industrial_compactor_with_heavy-duty_wheels,0.6589708846231296,0.7258870643461186
057,./057/Modern_Trash_Bin,0.6235984311271278,0.6801559209390255
057,./057/Bin_with_recycling_symbols,0.7186535875681168,0.8799417380263836
057,./057/Hand_Sanitizer_Dispenser,0.6493300339326498,0.7635284478004235
057,./057/02747177_de31ede76692c36271c1c4a28b10d064.obj,inf,inf
057,./057/Beverage_Dispenser_with_stainless_steel,0.7155796578242306,0.7516854636247834
057,./057/Planter,0.7118239607466421,0.8470252657645589
057,./057/Ice_Bucket_,0.6710619588638624,0.8389626428651058
058,./058/Space_capsule_with_white_and_yellow_color,0.8072564633156836,0.8149146334295528
058,./058/.DS_Store,inf,inf
058,./058/02876657_fdc47f5f8dff184830eaaf40a8a562c1.obj,inf,inf
058,./058/Ceramic_urn,0.7710473959510182,0.9044718993041012
058,./058/Pill_bottle,0.7584097616144871,0.8095438687855822
058,./058/Light_saber_handle,0.6050667599078791,0.7347669651373228
058,./058/Vial_with_a_cork,0.701436681581237,0.8223726099762382
058,./058/Ornate_flask_with_detailed_etchings,0.7637270432223674,0.8149076743740824
058,./058/Jug,0.6507071245822721,0.7195594179866853
058,./058/Plastic_container_with_label,0.771375568554773,0.7827838715516268
059,./059/Clay_pot_with_green_decoration,0.2342339632423856,0.6131712081709417
059,./059/.DS_Store,inf,inf
059,./059/Advanced_Acoustic_Amplifier,0.2861724895586443,0.6102418800662845
059,./059/Micro_World,0.2113472421886477,0.6104161833384756
059,./059/02880940_ea473a79fd2c98e5789eafad9d8a9394.obj,inf,inf
059,./059/Teleportation_Platform,0.213740489675473,0.604912459222569
059,./059/Eco-Friendly_Water_Collector,0.212204408779941,0.6141960213685973
059,./059/Meditation_Pod,0.2077783086808823,0.6351024936882521
059,./059/Water_Generator,0.2070339671170998,0.6077000305663333
059,./059/Futuristic_Zen_Garden,0.2188190739507725,0.6106844272033494
060,./060/.DS_Store,inf,inf
060,./060/high_speed_train,0.1330622745544474,0.1974593641435299
060,./060/Greyhound_Lines_bus,0.2185142473434074,0.2657654101431578
060,./060/02924116_183c1ef7e783a05a8aa27cedfe9e8bf6.obj,inf,inf
060,./060/Japanese_bullet_train,0.2830159974859133,0.5817271624064179
060,./060/School_bus,0.220455260819704,0.3515693844232265
060,./060/grey_submarine_with_missiles_ready,0.1741838745781035,0.328635827177595
060,./060/Bus_with_racing_paint,0.2182476214803619,0.3027126129914027
060,./060/racing_car,0.2141909195476105,0.3129090385472432
060,./060/London_double-decker,0.2209785655634864,0.2518530464694759
061,./061/wooden_paper_box,0.2005395768142127,0.1882302035763113
061,./061/wardrobe,0.1955232589513844,0.2028205849387155
061,./061/water_tank_with_fish_inside,0.2000900398678613,0.1858901743587782
061,./061/.DS_Store,inf,inf
061,./061/02933112_7ed5c429313f20e079bb09dc5605a57.obj,inf,inf
061,./061/steel_locker,0.1871106818034639,0.1908216284191945
061,./061/vintage_wooden_cabinet,0.1615836982470478,0.2198287238370773
061,./061/vintage_treasure_box,0.1947630403650189,0.1744426253788147
061,./061/amazon_package,0.2052868080550851,0.1862384645524577
061,./061/Wooden_furniture_with_draws,0.1794992485135253,0.2006779476715806
062,./062/.DS_Store,inf,inf
062,./062/hermes_orange_leather_bag,0.3586644973852386,0.4720120243594101
062,./062/yellow_hovercraft_with_people,0.332265156245384,0.5377898562764339
062,./062/Eco-Friendly_Compostable_Bag,0.3758465481274057,0.4575983161441415
062,./062/Sack,0.3597902637635954,0.4932103592882967
062,./062/Anti-Theft_handbag,0.3749038545585338,0.576134580643688
062,./062/02773838_65680f336a50db976afa58a86636d6be.obj,inf,inf
062,./062/Holographic_Display_Bag,0.3140903646417878,0.4000477566775034
062,./062/Solar-Powered_Charging_Bag,0.3612873384490265,0.5944322196036474
062,./062/grass_decorated_handbag,0.3303818269961874,0.5478091050084256
063,./063/.DS_Store,inf,inf
063,./063/soundbox,0.5866848256269501,0.809081821413381
063,./063/SLOW_DOWN_Road_Sign,0.4788944385251593,0.6370187031736414
063,./063/steel_locker,0.5409646985296054,0.7286009436066992
063,./063/Air_Purifier,0.4806614990320018,0.7599305555695134
063,./063/02942699_15e72ce7a8a328d1fd9cfa6c7f5305bc.obj,inf,inf
063,./063/shuttle_bus,0.4692307709039557,0.7027638986928793
063,./063/fish_tank,0.5835188738653724,0.8548486090791608
063,./063/amazon_package,0.443580440635882,0.6352389434163672
063,./063/robot_vacuum,0.578471799765827,0.7716605186213258
064,./064/Amazon_echo_dot,0.4098568260920899,0.4306999683156643
064,./064/a_big_strawberry,0.3877393338278424,0.4904013736319205
064,./064/.DS_Store,inf,inf
064,./064/Diamond_Decoration,0.292979495105995,0.5829298407371774
064,./064/02942699_290abe056b205c08240c46d333a693f.obj,inf,inf
064,./064/robot,0.3460565998278356,0.460466197005271
064,./064/scanning_machine_with_a_big_camera,0.4726582501062029,0.5664461371785248
064,./064/Desktop_robot_with_a_big_eye,0.4530125492432755,0.5522147143535532
064,./064/UFO_with_blue_light,0.3971553222480379,0.5096498373724441
064,./064/orange,1.158429425416187,0.9620284039098592
065,./065/pepsi_coke_can,0.2511884513307553,0.3896457668671576
065,./065/.DS_Store,inf,inf
065,./065/tower,0.1712185806040879,0.2035909638626908
065,./065/02946921_f4ad0b7f82c36051f51f77a6d7299806.obj,inf,inf
065,./065/barrel,0.1306209106718444,0.1498545854821651
065,./065/Column_with_decorative_engravings,0.1204047245684402,0.1529458829729377
065,./065/skyscraper,0.1149228055629868,0.1751395743777591
065,./065/lighthouse_with_a_beacon,0.1533646855785423,0.2229863655864435
065,./065/rocket,0.4537568172044933,0.3894290986434145
065,./065/Wooden_Stave_with_a_winding_staircase,0.1132593952654316,0.1436441406410692
066,./066/schoolbus,0.2315987625434481,0.3127528545587051
066,./066/.DS_Store,inf,inf
066,./066/02958343_350be6825c19fb14e0675251723e1e08.obj,inf,inf
066,./066/Streamlined_Shuttle,0.1619151177573175,0.2553488004483656
066,./066/futuristic_car,0.2407892399079766,0.3072106661363709
066,./066/car_made_by_apple,0.2633986400267536,0.3639277525426149
066,./066/Coupe_with_a_retractable_roof,0.2226097441725967,0.2933991909015443
066,./066/racing_car,0.209501594869522,0.3191143484454688
066,./066/classic_car,0.2023533970911255,0.3045063009550647
066,./066/Racing_Buggy_with_turbo_boost,0.2864308915294467,0.3786018300011659
067,./067/peppa_pig_style_handbag_with_pink_color,0.3076356965224497,0.4517045016195501
067,./067/.DS_Store,inf,inf
067,./067/wolven_handbag,0.2659199173106198,0.331299276583237
067,./067/yellow_hovercraft_with_people_on_it,0.3855624904345033,0.5218665863946667
067,./067/Chanel_black_leather_bag,0.4413902435829989,0.6171789778915526
067,./067/Suitcase,0.3690444438549,0.5337389019856467
067,./067/Green_color_nike_handbag,0.2642561854293668,0.4286812900452024
067,./067/vintage_wooden_cabinet_with_yellow_window,0.3536111934113769,0.5125892869214997
067,./067/purse,0.3132733215624139,0.4384974243245576
067,./067/02773838_f72de241037d474e76bb31db0358e9c6.obj,inf,inf
068,./068/Pocket_Projector,0.2948367126579712,0.3282816422026487
068,./068/02992529_610a9f79a2f2faacc43c9f60fcc79b4c.obj,inf,inf
068,./068/.DS_Store,inf,inf
068,./068/Fresh_Meat,0.275374589310743,0.3281161924504053
068,./068/camera,0.154004959282992,0.1743448303129189
068,./068/Environmental_Quality_Monitor,0.1497352006648076,0.1563491227745671
068,./068/GSM_vintage_telephone,0.1146968897509425,0.1608467793212429
068,./068/Portable_3D_Scanner,0.1523129747598406,0.2377046176857669
068,./068/iphone,0.1292271145852223,0.1753572950731197
068,./068/Wireless_Charging_Hub,0.368597935938289,0.6012945112434948
069,./069/Shoe_Storage_Bench,0.274847668806307,0.3790148465255279
069,./069/.DS_Store,inf,inf
069,./069/Luxury_chair,0.2694730634694229,0.3633641747804493
069,./069/Cozy_loveseat_with_plush_upholstery,0.2686072249902388,0.3828869174804799
069,./069/Minecraft_Chair,0.2670380661270647,0.41071531900669
069,./069/03001627_2c251c2c49aaffd54b3c42e318f3affc.obj,inf,inf
069,./069/Gaming_Chair,0.3169113517539574,0.5554773695935963
069,./069/Laptop,0.282143851590042,0.3679567522512318
069,./069/Wooden_bench,0.2807296310000645,0.3780787403839268
069,./069/Rustic_seat_with_carved_designs,0.2678149096777602,0.3771866278191522
070,./070/Corns,0.2819924569985945,0.3630238536511461
070,./070/.DS_Store,inf,inf
070,./070/Scallop,0.2628860133532746,0.3934256699676546
070,./070/Outdoor_Garden_Lights,0.1701722080089598,0.3368910871220699
070,./070/Antique_Timepiece,0.3430734689859759,0.3801118478888266
070,./070/Coins,0.1681417607850069,0.2562594258642501
070,./070/Mechanical_Stopwatch,0.1559391966313434,0.2254975162601688
070,./070/Bookends,0.2194321385687023,0.2427560841441201
070,./070/03046257_d76b2c36bcbf8fd7ef76898f881b76a.obj,inf,inf
070,./070/Portable_Solar_Charger,0.4518225128961735,0.4691548428110429
071,./071/Jewelry_Organizer_,0.2672340691447495,0.5060758581961731
071,./071/blanket,0.1618987809534189,0.2492356516723304
071,./071/Compact_MIDI_Controller_with_weighted_keys,0.1801761350056081,0.266076703138179
071,./071/.DS_Store,inf,inf
071,./071/Modular_Battery_Holder,0.141445074856195,0.2085850747328432
071,./071/mechanical_keyboard,0.1323078286916026,0.2282095121428874
071,./071/Cleaning_Kit,0.1986430734538526,0.3637824725476693
071,./071/03085013_657c0de244576d26add3e496533730f.obj,inf,inf
071,./071/COVID-19_Test_Kit,0.1270854305897459,0.1643993201590051
071,./071/Dashboard_with_tactile_buttons,0.2371379523227882,0.289723451520208
072,./072/.DS_Store,inf,inf
072,./072/Planter_Box,0.2566816695062981,0.4349009920316085
072,./072/Outdoor_Seating_Block,0.2149309650439247,0.1761009427997946
072,./072/Oreo,0.1482289937338246,0.1233662645478962
072,./072/Devil's_Coffin,0.2032910422460866,0.1989224423174144
072,./072/Minimalist_Bookshelf,0.1972003781106642,0.2177699421346845
072,./072/Storage_Chest,0.1632832713711682,0.1374338094991999
072,./072/Soundbar_Speaker_System,0.1444358916938163,0.1276399733235033
072,./072/02801938_5c3dcc9b312de5b5a5d9ad16964840ab.obj,inf,inf
072,./072/Aquarium,0.1672761612707945,0.1683921586389779
073,./073/03211117_4ee9c39b1f77a29a9d5e963395eec7e9.obj,inf,inf
073,./073/.DS_Store,inf,inf
073,./073/Beaf_Steak,0.2207910541772254,0.3960077990392224
073,./073/Pizza_box,0.2781996282114863,0.3750094205206332
073,./073/monitor_with_colorful_screen,0.230729339589049,0.3920494727850643
073,./073/A_steel_robot,0.1759278638957034,0.3460935520258728
073,./073/Ship,0.2036093901039934,0.3607871576612761
073,./073/Futuristic_Stealth_Drone,0.2145871151649706,0.477951323063198
073,./073/Seagull,0.3109432999080129,0.3976335716052111
073,./073/Flying_Kite,0.2013561804109007,0.367582532011471
074,./074/Single_airpod_pro,0.2538590192784751,0.3745080939490492
074,./074/03261776_49b17a26edadad7f46619c79b20f2c6e.obj,inf,inf
074,./074/Robotics_part,0.1942107086306338,0.3157847082375938
074,./074/.DS_Store,inf,inf
074,./074/Bluetooth_Earpiece_with_a_silicone_tip,0.327320743018171,0.4177045089229679
074,./074/Silver_faucet,0.2519072227100145,0.3811037759377814
074,./074/Muscle_Massage_Gun,0.24142715154237,0.3758132839573993
074,./074/Wooden_Door_Handle,0.2126445041388744,0.3619964492814845
074,./074/Spaceship,0.2303760424247069,0.3258020894462257
074,./074/Hairdryer,0.2223316744898234,0.3009971545988202
075,./075/headphone,0.4751150119335684,0.5437433344780812
075,./075/Horseshoe,0.3641040759844889,0.5195932158939363
075,./075/.DS_Store,inf,inf
075,./075/Sleep_Management_System,0.3532050703522587,0.5107686276368226
075,./075/Gaming_headset_with_RGB_lights,0.3807963234717781,0.5540205311635134
075,./075/03261776_4f9e3eac5026bdfc50b69fcb22e78050.obj,inf,inf
075,./075/blue_headset_from_beats,0.4903046419761786,0.6274543451021058
075,./075/Black_Mamba,0.2857465791884537,0.4119735470357484
075,./075/white_neck_support_pillow,0.2569414059502291,0.4654668965892179
075,./075/Translation_Device,0.3197065040631623,0.5196343956397816
076,./076/.DS_Store,inf,inf
076,./076/Foldable_knife,0.1544904337436505,0.3125908178979598
076,./076/Robotics_Educational_Tool,0.1827455102803544,0.3203774871416484
076,./076/Wireless_Bluetooth_Speakers,0.1574231637329044,0.318141978693037
076,./076/Medical_Examination_Light,0.2028864148843366,0.4389263668689315
076,./076/Ballon_Dog_Artifact,0.165399824481103,0.3137570004635722
076,./076/Adjustable_Desk_Lamp,0.1576658869437786,0.2399164925266453
076,./076/King_crab,0.2259105724483235,0.3565893487687692
076,./076/03325088_1db4071178f5818250da8b99982a3057.obj,inf,inf
076,./076/curl_pipeline,0.2259439888145968,0.3991070885337293
077,./077/Modern_Sink_with_a_touchless_sensor,0.3524828403403707,0.3660639092878728
077,./077/.DS_Store,inf,inf
077,./077/Silver_Lever,0.2853129450148668,0.3989414872528743
077,./077/Rope,0.3494153639921254,0.4357133602970079
077,./077/Blue_Valve,0.2873916790962711,0.4224395757616178
077,./077/03325088_50bf9cea0963f340ee0aa55e2c8ca202.obj,inf,inf
077,./077/green_snake_ready_to_attack,0.3004290368590645,0.4275915027095175
077,./077/Hose_with_an_adjustable_spray,0.4347273388674889,0.5222828516546975
077,./077/Vintage_Port_with_a_brass_finish,0.3820636330892547,0.4324976841290336
077,./077/Snake,0.2608237723669113,0.3421076691247175
078,./078/Seahorse,0.5748171493030919,0.9681288492581074
078,./078/03467517_6f3e9247e77897989ce06ac269757e69.obj,inf,inf
078,./078/Violin,0.2369938807350972,0.287266517317646
078,./078/Robot_Arm_Attachment,0.1837644476489614,0.286738682048101
078,./078/.DS_Store,inf,inf
078,./078/Wall_Art_Installation,0.3307939638426,0.6586127500265674
078,./078/Diamond_Decoration,0.1022021214979411,0.1903831403508074
078,./078/Gaming_controller,0.2278351569107807,0.3411819332965716
078,./078/Golden_Guitar,1.2180749969751894,1.0922128103307904
078,./078/Flying_Bird,0.2841245787268624,0.3732670440403846
079,./079/Trashbin_with_recyclable_sign,0.1736321297430603,0.2723442373636274
079,./079/.DS_Store,inf,inf
079,./079/Skyscraper_with_futuristic_design,0.1683049947078129,0.2713731370829588
079,./079/Yellow_lighter,0.1857176147320182,0.2794982952947253
079,./079/lighter_with_dragon_decoration,0.1748141572693414,0.2879287556936817
079,./079/02801938_a91387fd7e02ab1fe1642713fcd8a902.obj,inf,inf
079,./079/Pandora's_Smart_Box_,0.1697572707812426,0.2691612404025558
079,./079/Trashbin,0.1830429069923578,0.3154788816978109
079,./079/Space_city,0.1521516183674122,0.2766186517752605
079,./079/Black_trashbin_with_recyclable_sign,0.1745628557792206,0.2653209141437128
080,./080/Banjo,0.1957643856878561,0.2854750004687794
080,./080/.DS_Store,inf,inf
080,./080/Wall_Art_Installation,0.2322577451505779,0.3329265347628239
080,./080/silver_rocket,0.2659281478545236,0.3608899061637187
080,./080/Weather-Control_Device,0.2175008128206692,0.4289972681069726
080,./080/Vintage_wooden_guitar,0.248751906246747,0.2734102141478668
080,./080/vintage_guitar_with_golden_decoration,0.2030514203569874,0.3058106833553599
080,./080/Multi-functional_Musical_Device,0.1914618737448888,0.2859311579221959
080,./080/Spoon,0.2111708289168629,0.3363475104654447
080,./080/03467517_80aa2f0d66100844925eded29d6897b9.obj,inf,inf
081,./081/Motorcycle_helmet,0.2545480316762602,0.7029700712257507
081,./081/red_helmet,0.3967956267232808,0.7043215766080153
081,./081/.DS_Store,inf,inf
081,./081/03513137_777497c94098014818457223b2b684b3.obj,inf,inf
081,./081/Fireman's_hat,0.2344937597929431,0.7037731956375785
081,./081/classic_baseball,0.2852795564357455,0.7060318118922696
081,./081/helmet_with_colorful_decoration,0.2280044438470977,0.7032115089224915
081,./081/Fist,0.2788708914550356,0.7184101253108545
081,./081/Concert_Building,0.3738076842764787,0.7476936448433045
081,./081/helmet_from_redbull_team,0.3190737351473606,0.7335594458354707
082,./082/Decorative_ceramic_jar_with_a_matching_lid,0.4689930091270066,0.6511907079885705
082,./082/Time_Capsule_Vault,0.5101454843108589,0.6812407148034688
082,./082/.DS_Store,inf,inf
082,./082/Portable_Energy_Reactor,0.4559572614854119,0.6667209613837521
082,./082/Pink_jar_with_a_woven_texture,0.5889879774401825,0.7107613007549196
082,./082/Jar_with_woven_texture,0.6496933381833863,0.730291944000699
082,./082/Vase,0.5868720810136785,0.7042496017640986
082,./082/03593526_3fc4784d1b2247306ded232b3f448b08.obj,inf,inf
082,./082/Pot,0.4199651261102262,0.6392471671486112
082,./082/Crystal_decanter_with_a_silver_stopper,0.4351649030751549,0.6932490612483947
083,./083/Basket,0.4021232829744508,0.5386977933999233
083,./083/.DS_Store,inf,inf
083,./083/03593526_d0240d785e39c7ef8da95317eef6e82a.obj,inf,inf
083,./083/Ceramic_vase_with_dragon_decoration,0.2049004337194992,0.4469843342594504
083,./083/Glass_jar_with_a_cork_stopper,0.2390602799002973,0.3846229028208725
083,./083/Ceramic_Vase,0.3313469064882716,0.472336541625129
083,./083/Pink_jug_with_a_wide_mouth,0.2334636891686829,0.4683087949910222
083,./083/Traffic_cone,0.4063604048965867,0.5271088595067063
083,./083/woven_basket,0.3709434606336694,0.4387778429511462
083,./083/Steel_Canteen,0.3047541781337995,0.4416654691792974
084,./084/Copper_faucet,0.4554846582912579,0.5831056192752403
084,./084/golden_lamp_with_black_base,0.1622476017503879,0.2455872733978128
084,./084/Spotlight,0.689859821510086,0.779922175815157
084,./084/.DS_Store,inf,inf
084,./084/Desk_light,0.2092491505727232,0.3808716712209045
084,./084/Projector_with_a_fixed_arm,0.2083800986293175,0.3187868051283659
084,./084/Interactive_Art_Piece,0.2074121119704085,0.3682551722664161
084,./084/Robotic_arm,0.1515590710125382,0.2570591675737613
084,./084/Silver_desk_light,0.1492271901309878,0.2132841312555789
084,./084/03636649_79815be2cb9b004b1be03639838c9758.obj,inf,inf
085,./085/Sea_beacon,0.2268870799474933,0.3422431380597941
085,./085/.DS_Store,inf,inf
085,./085/Silver_showerhead,0.3545601548812087,0.463095104668106
085,./085/silver_bullet,0.2681605939822614,0.38091946272931
085,./085/Squid,0.2909624015883152,0.5087918615288207
085,./085/Raw_Horn,0.3159901489390205,0.4158690501141261
085,./085/Robot,0.3234753452584534,0.4876384724818568
085,./085/Futuristic_building,0.2907847158860931,0.519944855151972
085,./085/03636649_ce798635ececbffd5ac3a75efa13522c.obj,inf,inf
085,./085/Rocket,0.2467057929764061,0.3775962086388481
086,./086/Lipstick,0.4482860890574184,0.7863880164067099
086,./086/Nail_clipper,0.3372863281650435,0.623309330148687
086,./086/.DS_Store,inf,inf
086,./086/Monolith,0.3658772473977881,0.5270427933635817
086,./086/Cigar,0.3482611769122721,0.6397447250720222
086,./086/03636649_d00391a3bec2a9456a44fdd49dec8069.obj,inf,inf
086,./086/Vape,0.3890928410986494,0.7326441103367434
086,./086/Carved_Totem,0.7502990095228625,1.208854356783852
086,./086/Kinder_chocolate_bars,0.3974616329890265,0.7009299983449975
086,./086/Marble_Pillar,0.4809337890197522,0.7497554940491972
087,./087/foldable_phone,0.3588321574236767,0.4671313917771971
087,./087/solar_panel,0.3973589333826552,0.6200042964429258
087,./087/wooden_book_stand,0.2651609443097934,0.2955289744326629
087,./087/.DS_Store,inf,inf
087,./087/ancient_book_,0.2438623857797071,0.3142642004584304
087,./087/steel_book_stand,0.3020959419036079,0.4633404990397892
087,./087/Minimalist_foldable_electronic_device,0.2288350647244033,0.3076482833473649
087,./087/ancient_book_with_purple_cover,0.2630595598076109,0.3187171655654648
087,./087/Notebook,0.2397668890599614,0.3089782560770705
087,./087/03642806_aaebdb95de0459f66a51abe62a0f8cce.obj,inf,inf
088,./088/Concert_Hall,0.6973283488029607,0.7184912827663528
088,./088/futuristic_vehicle,0.8140822539052702,0.8203495619033235
088,./088/.DS_Store,inf,inf
088,./088/03691459_f98620e647a77e1f8b5ea808b63cd2a6.obj,inf,inf
088,./088/coke_bottle_cap,0.414855554586571,0.5008278990366555
088,./088/spaceship_Engine_with_stainless_steel,0.6514186448208403,0.6713174893133487
088,./088/UFO_with_mysterious_light,0.8211359642327701,0.7845579081362561
088,./088/Wooden_box,0.5916187333846914,0.6373941711209368
088,./088/Engine,0.7035925462483245,0.7879457742872154
088,./088/Quantum_Computer,0.3843782360188411,0.5845083513428035
089,./089/.DS_Store,inf,inf
089,./089/Entertainment_Bathtub,0.2582474177371933,0.4001359636001725
089,./089/water_tank_with_colorful_fish,0.295382128427134,0.3659873214098922
089,./089/Makeup_Bag,0.2595679952554673,0.4907904260732396
089,./089/Ikea_blue_FRAKTA_Carrier_Bag_,0.2538697802523928,0.3436021922131336
089,./089/a_DJ_desk,0.2850263264714937,0.5041897165732067
089,./089/02808440_3c16de8249619580fe52ffd0e748a1ab.obj,inf,inf
089,./089/empty_amazon_box_opened,0.2560271969817828,0.4156388497440592
089,./089/Bowl,0.295251617774973,0.3963184808478986
089,./089/Empty_bento_box,0.2618974968334651,0.414921081373362
090,./090/.DS_Store,inf,inf
090,./090/Alien_Communication_Pod,0.4043319035103551,0.5914281569944939
090,./090/Futuristic_Structures,0.2097092515105092,0.3239018600224396
090,./090/Treehouse,0.3030279039698271,0.5142883608807756
090,./090/Robot_Pet_Station,0.3993618764580663,0.4741969807052275
090,./090/Shoulder-fired_missile,0.4299791041991964,0.8778703486646047
090,./090/bird_nest,0.4830075856193064,0.6131697698691355
090,./090/Miniature_Time_Capsule,0.3134869815420346,0.5191037172636646
090,./090/03710193_580f93299ad002c2949ea1574c63d947.obj,inf,inf
090,./090/Minimalist_Sculpture,0.413099908466877,0.6387638643232718
091,./091/.DS_Store,inf,inf
091,./091/Moveable_computer_case_with_wheels,0.6100023475329646,0.82550251545407
091,./091/typical_green_post_box,0.5461813499734731,0.7364750597145855
091,./091/oven,0.6218552271943577,0.8006443350352016
091,./091/03710193_c6bc72f24af5ef42531a9cd007e29075.obj,inf,inf
091,./091/Cat_house,0.6677257853081375,0.811419564032656
091,./091/Washing_Machine,0.5886903167071669,0.7557362669313543
091,./091/Mechanical_typewriter,0.6815911954255683,0.8763232363186928
091,./091/Meal_delivery_robot,0.6916838510932315,0.8156135626566913
091,./091/Salmon,0.6226486256601489,0.7802469034438365
092,./092/Plastic_Test_Tube_with-Cork-Stopper,0.3424871635445776,0.4462899404574419
092,./092/.DS_Store,inf,inf
092,./092/silver_rocket,0.1700720764125766,0.3918799799390422
092,./092/torch,0.3449892454856222,0.5556187969208165
092,./092/Pass_Scanner,0.1794812576822276,0.3246820155058283
092,./092/Personal_Water_Purifier,0.2331300069286293,0.3708639651351421
092,./092/Strawberry_Icecream_Cone,0.3385732817471966,0.4346693613091104
092,./092/Wooden_stick,0.2154294903589226,0.3608574743059924
092,./092/golden_microphone,0.1854031518975996,0.2703518809465265
092,./092/03759954_a15b163ce08749f84fdb7f619836e43d.obj,inf,inf
093,./093/.DS_Store,inf,inf
093,./093/Nuclear_Reactor,0.4058996440720769,0.5246768476445594
093,./093/03797390_62684ad0321b35189a3501eead248b52.obj,inf,inf
093,./093/Barrel,0.2678716134555793,0.4133485341152335
093,./093/Toilet_Roll,0.3756029102773104,0.4170342459339682
093,./093/Mug_with_a_red_heart,0.3746933446896186,0.4197966004293725
093,./093/Magic_Mug,0.3807231509198783,0.4129719712365959
093,./093/Tunnelling_Shield_Machine,0.3613239131627546,0.4646523361500138
093,./093/Beer_stein,0.2793195528399562,0.425179329202338
093,./093/Wooden_Tankard,0.3535536943756092,0.4103337203488364
094,./094/Tropical_Aquarium_Fish,0.0951339163746251,0.2086645973285683
094,./094/Wooden_Raft,0.1428507599829987,0.1779941612761536
094,./094/Cobblestone,0.3400380815468587,0.5245772658900784
094,./094/.DS_Store,inf,inf
094,./094/Cushion_Soft_Knot_Pillow,0.0922134049791103,0.128249845021126
094,./094/Dragon_Skin_Purse,0.1388703316378494,0.1422338627352359
094,./094/handbag,0.1946568369486633,0.323975819508387
094,./094/03938244_ddf0c95f168e43f2283b00891f680579.obj,inf,inf
094,./094/Commercial_brochure,0.1155254043780754,0.1541114132197483
094,./094/Jewellery_decorated_pillow_with_gold_and_diamond,0.1419026733703937,0.1673132207582953
095,./095/black_computer_case_with_RGB_lights,0.2170476074788979,0.2465137464670975
095,./095/concert_hall,0.1987945455125025,0.2929913871674444
095,./095/02808440_cd21cb60750fd91f4eda040ae95dd4aa.obj,inf,inf
095,./095/.DS_Store,inf,inf
095,./095/Podium,0.2085685008419956,0.2471301077079109
095,./095/Stone_table,0.2543753416613939,0.2934414024378561
095,./095/Travel_Makeup_Bag,0.259013973482595,0.2923637990275033
095,./095/an_orange_shoe_box_with_Nike_logo,0.2616824246580179,0.3177402542737943
095,./095/marble_base,0.1794842802527069,0.2246554648132127
095,./095/Bento_box_lunch,0.1833731590064265,0.2274273854883957
096,./096/.DS_Store,inf,inf
096,./096/A_green_Smith_Wesson_J-Frame,0.1511962702924447,0.2072151018529701
096,./096/03948459_d706263b307d12c9d4f4334cc3aff513.obj,inf,inf
096,./096/Sustainable_shrimp,0.2458643737829692,0.3487141290396744
096,./096/Taser_gun_with_electricity,0.2282029167516694,0.2982864216196602
096,./096/Desert_Eagle,0.2033176373417364,0.2402089269379444
096,./096/colt_1911,0.2047659354083377,0.2967984103155152
096,./096/hairdryer,0.1580228607700657,0.2092362386536373
096,./096/Controller_with_bottons_on_it,0.2897983232537768,0.4824815506215422
096,./096/Handcrafted_Wooden_Boomerang,0.2443513701710352,0.4451418909379869
097,./097/.DS_Store,inf,inf
097,./097/03991062_e7bd0fe36857413d236f012e801e4d49.obj,inf,inf
097,./097/diamond_decoration,0.3053740481665934,0.4908508480815136
097,./097/Lavender_in_white_and_purple,0.2859929441493324,0.4856005754233349
097,./097/Rose,0.2623575972519267,0.4530702279304639
097,./097/Beautiful_Blue_Phalaenopsis_Orchid,0.2754047847848594,0.4374606636413067
097,./097/Lily,0.3044358070532668,0.5130250332529266
097,./097/Blue_Hydrangea_in_Natural_Wrap,0.290464501221773,0.5512407068103093
097,./097/golden_plant,0.3234641657435807,0.5219254225706629
097,./097/house_plant,0.266937530135842,0.4857896055134766
098,./098/.DS_Store,inf,inf
098,./098/Couch,0.2487886604705689,0.314691264460214
098,./098/Park_bench_with_armrests,0.229297418355524,0.2788394262462503
098,./098/Duffel_bag,0.3605249104521315,0.387954908980063
098,./098/Loveseat_with_cushions,0.1899663323330079,0.2722948990420463
098,./098/Relaxation_Pod,0.249721889669273,0.3379379258857342
098,./098/Healing_Energy_Bed,0.2337502016431023,0.3292693369646298
098,./098/Time_Travelers_Cot,0.2585340142144946,0.3126130125509652
098,./098/Dream_Bed,0.2599798960984851,0.3320144125213742
098,./098/04256520_3425e406f20e69efddfee72cbd7395cd.obj,inf,inf
099,./099/.DS_Store,inf,inf
099,./099/Sea_Platform,0.2426492168922844,0.3278948769338865
099,./099/Holographic_Projection_Table,0.0990785413209624,0.1379183585273873
099,./099/Bun,0.4205189578610226,0.4578381402426389
099,./099/Environmental_Sensor_Pod,0.3822313980334753,0.4831370866038457
099,./099/Space_city_with_building_and_grass,0.1370015400001971,0.1787582153908608
099,./099/04460130_e5819354e7ddc4a2545370dbbc80d144.obj,inf,inf
099,./099/Yurts_with_ethnic_decorations,0.4907642141246965,0.4867738199342324
099,./099/Millennium_Falcon,0.2079768350830908,0.27201602370998
099,./099/Smart_Home_Central_Hub,0.2092052359254055,0.2888659668381671
